name, address,age,city
Jeanette Morris,935 Vidom Glen,37,Nohavuha
Isabella Jordan,332 Adra River,55,Tupeniga
Francis Holt,1137 Usuzun Point,32,Muecoke
Peter Caldwell,693 Neweg Glen,24,Coilake
Leon Beck,1735 Wetmug River,48,Dagmawah
Sam Gregory,1999 Bugo Key,43,Gawtibfeh
Ina Miller,1022 Wore Highway,41,Tomofma
Vernon Baker,56 Jiik Street,51,Nedogab
Iva Bass,780 Gewok Square,30,Lofonina
Lester Murray,1450 Voleh View,57,Vocovsuh
Tom Salazar,264 Nenluv Street,47,Cunkampih
Leonard Cruz,807 Gonek Drive,49,Wiewiuwe
Katharine Alvarez,342 Ceij Pass,62,Bigvefkak
Timothy Hughes,25 Rufur Road,32,Apapawe
Travis Hudson,991 Zafduk Drive,52,Ajpioba
Tom Wood,1242 Femu Drive,27,Tinnimu
Nell Gomez,603 Hebnud Highway,49,Bogjaba
Essie Lee,643 Vambaw Junction,33,Kahkuugi
Francisco Sutton,912 Dorfu Avenue,59,Tiahadoz
Mattie Fisher,1160 Isurut Avenue,41,Iftewak
Jordan Hamilton,516 Tocas Park,42,Zudopej
Beatrice Palmer,389 Pico Turnpike,55,Vintasap
Bruce Rogers,1753 Laggis Terrace,45,Juwirgak
Anne Sparks,980 Cogim Terrace,53,Rofewpof
Nannie Love,1568 Rivdut Circle,26,Duzkedud
Christine Martin,88 Mogti Grove,41,Kinbimse
Lulu Dawson,1886 Fawpi Drive,20,Genuwbaj
Eugene Goodwin,1052 Oviw Circle,31,Opomeep
Bertie Brewer,715 Isani Drive,49,Naceci
Flora Carroll,724 Cohkab View,20,Kurwojaw
Patrick Flores,1398 Acaki Park,64,Pobinohan
Ernest Stephens,361 Fawsow Place,57,Gesahput
Caleb Ingram,1789 Kilac Terrace,62,Junkobug
Aaron Perez,315 Ubovav Point,57,Zobureba
Jeremy Bradley,127 Verco Path,42,Bipseode
Vincent Lawson,871 Opded Circle,59,Ohikajag
Mae Colon,476 Ocim Lane,28,Hegiwajo
Evelyn Olson,1748 Etevum Terrace,38,Aniujma
Clara Byrd,1338 Ezivut Boulevard,24,Sakeluku
Tillie Vega,732 Pipso Junction,65,Kaizapu
Harold Miles,1004 Zeik Path,51,Ofvontiz
Scott Adkins,475 Bunu Square,46,Koowoho
Anne Walton,55 Hawcid Way,22,Naucjis
Howard Ingram,1263 Vifu Parkway,45,Weemagi
Cora Farmer,252 Amneh Drive,25,Kemhiwif
Jeffery Campbell,189 Imgid View,22,Kubwozweh
Cornelia Bryan,795 Lavjam Square,25,Guzzoram
Adrian Blair,1681 Bamca Court,63,Cudfewda
Billy James,1007 Sumemu Key,47,Nunuvi
Mitchell Francis,1885 Dizbun Place,21,Tecapot
Eunice Warner,425 Jupwi Way,61,Fokwikmuk
John Wheeler,867 Elehu Grove,64,Finihcot
David Haynes,1392 Bogdaz Plaza,50,Buesuger
Isabella Nguyen,1451 Muwu Terrace,19,Aruomivi
Bernard Rogers,1531 Moze Point,61,Uzegipwep
Hattie Romero,807 Beohu Terrace,18,Hofjigdav
Jerry Price,1945 Edop River,31,Ressuci
Hester Sparks,478 Wiet Pass,52,Famerra
Lawrence Richardson,689 Budem Point,57,Arerioz
Victor Wood,978 Laek Boulevard,34,Iheziwuc
Lou Montgomery,1183 Horid Drive,59,Vipcapip
Chad Erickson,1288 Toke Trail,36,Nezgotju
Kyle Newton,158 Hutup Turnpike,59,Apohwub
Dollie Mitchell,1179 Zunwow Street,25,Lulrucdac
Alfred Hoffman,674 Wavo Court,49,Ekiekpe
Mable Taylor,1899 Puptus Highway,23,Agobijij
Eula Ferguson,896 Vepih Square,39,Relasan
Dora Leonard,1740 Pifo Parkway,30,Avasupivi
Bess Carson,1625 Curi Ridge,23,Fickefo
Isabella Dawson,1292 Aguaz River,39,Somdepkit
Betty Perez,1931 Sulabu Street,61,Ikockoz
Rosie May,1257 Ivoko View,34,Jogakko
Gertrude Brown,746 Itopo Highway,42,Namolu
Christine Lopez,138 Memoz Pike,60,Kasmefif
Jesus Fernandez,120 Pume Pike,41,Dovazda
George Fowler,834 Wimri Road,56,Razmael
Marion Dawson,745 Unfur Lane,37,Mitawa
Hallie Lynch,1675 Pufup Turnpike,32,Naulede
Louise Jenkins,356 Kakuki Heights,39,Jiwutop
Luis Ellis,1606 Runuf Mill,32,Inzasif
Robert Newman,1977 Pogto Plaza,27,Tavzecjik
Kathryn Garza,1857 Nacive Loop,51,Latacces
Cynthia Logan,1582 Kibbe Terrace,39,Ulezegep
Charles Elliott,1972 Raeh Circle,36,Etdive
Frederick Washington,1534 Haljel Way,27,Adiceko
Bertha Hernandez,583 Likit Center,24,Ecbiri
Leila Swanson,151 Dogfab Center,63,Lezwurpo
Russell Patterson,172 Ajbuv Circle,18,Peabefo
John Davis,1809 Uzgu Drive,46,Becuzhil
Tyler Fleming,667 Ucajo River,31,Guraba
Marvin McKenzie,709 Hoke Road,64,Wuhujuko
John West,736 Jajud Avenue,23,Ebzoput
Laura Ramsey,1985 Fuiha Glen,32,Efnoki
Martin Valdez,1792 Valje Loop,38,Osesibdol
Daisy Howard,1977 Buzita Key,54,Ivgezfid
Elizabeth Andrews,1029 Vufe Circle,38,Faociv
Cameron Jenkins,1472 Viwji Manor,33,Cuciwda
Thomas Hardy,1635 Hajud Grove,34,Icuchi
Ora Sherman,896 Epcij Terrace,45,Wuwedfel
Harriett Howard,574 Jocel Grove,47,Arcaki
